{"nodes":{"node:10744181884127893007":{"location":{"x":-298,"y":-22}},"node:14583384526188901072":{"location":{"x":-298,"y":-22}},"node:1687702622239650755":{"location":{"x":-50,"y":-6}},"node:17140661276548643301":{"location":{"x":-50,"y":-6}}},"selection":null,"view":{"scroll":{"x":-1041.4461669921875,"y":-211.071563720703125},"zoom":3.30198550224304199}}