{"nodes":{"node:2":{"location":{"x":-34,"y":-102}}},"selection":["node:2"],"view":{"scroll":{"x":-716.03009033203125,"y":-229.953750610351562},"zoom":1.25}}