{"nodes":{"node:14523536168057355560":{"location":{"x":-50,"y":9}},"node:1687702622239650755":{"location":{"x":62,"y":9}},"node:4465675089849496722":{"location":{"x":62,"y":9}},"node:910752273201413985":{"location":{"x":-50,"y":9}}},"selection":null,"view":{"scroll":{"x":-333.653594970703125,"y":-8.52418327331542969},"zoom":5.32761335372924805}}