{"nodes":{"node:10744181884127893007":{"location":{"x":-443,"y":-40}},"node:13899284396751917786":{"location":{"x":-412,"y":81}},"node:1687702622239650755":{"location":{"x":-11,"y":-54}},"node:17072163209250610451":{"location":{"x":-280,"y":-134}},"node:784775640693791524":{"location":{"x":-11,"y":-54}},"node:9817079753838616269":{"location":{"x":-280,"y":-134}}},"selection":null,"view":{"scroll":{"x":-835.8670654296875,"y":-297.102294921875},"zoom":1.81215178966522217}}