{"nodes":{"node:10744181884127893007":{"location":{"x":-218,"y":40}},"node:14283229324785626527":{"location":{"x":-218,"y":40}},"node:1687702622239650755":{"location":{"x":14,"y":40}},"node:9047041935793786145":{"location":{"x":14,"y":40}}},"selection":null,"view":{"scroll":{"x":-753.15252685546875,"y":-111.385139465332031},"zoom":2}}