{"nodes":{"node:10493757125421964407":{"location":{"x":-475,"y":-56}},"node:10744181884127893007":{"location":{"x":-475,"y":-56}},"node:1687702622239650755":{"location":{"x":-75,"y":-54}},"node:16916024707755673632":{"location":{"x":-75,"y":-52}},"node:17072163209250610451":{"location":{"x":-280,"y":-134}},"node:6200427992171715976":{"location":{"x":-280,"y":-134}}},"selection":null,"view":{"scroll":{"x":-801.07598876953125,"y":-392.379364013671875},"zoom":1.56551885604858398}}